{"chunk_definitions":[{"row":11,"row_count":1,"visible":true,"expansion_state":0,"options":{"engine":"r","label":"setup","include":false},"document_id":"C8B594CE","chunk_id":"csetup_chunk","chunk_label":"setup"},{"row":24,"row_count":1,"visible":true,"expansion_state":0,"options":{"engine":"r","include":false,"message":false,"warning":false,"label":"unnamed-chunk-1"},"document_id":"C8B594CE","chunk_id":"ciq99pgtzyp6u","chunk_label":"unnamed-chunk-1"},{"row":30,"row_count":1,"visible":true,"expansion_state":0,"options":{"engine":"r","message":false,"error":false,"include":false,"label":"unnamed-chunk-3"},"document_id":"C8B594CE","chunk_id":"cuw9gwxrh33cd","chunk_label":"unnamed-chunk-2"},{"row":36,"row_count":1,"visible":true,"expansion_state":0,"options":{"engine":"r","message":false,"error":false,"label":"unnamed-chunk-5"},"document_id":"C8B594CE","chunk_id":"c9mq94ms0a0bt","chunk_label":"unnamed-chunk-3"}],"doc_write_time":1682106176}