{"chunk_definitions":[{"row":11,"row_count":1,"visible":true,"expansion_state":0,"options":{"engine":"r","label":"setup","include":false},"document_id":"C8B594CE","chunk_id":"csetup_chunk","chunk_label":"setup"},{"row":24,"row_count":1,"visible":true,"expansion_state":0,"options":{"engine":"r","include":false,"message":false,"warning":false,"label":"unnamed-chunk-1"},"document_id":"C8B594CE","chunk_id":"cs6sbbi8g6chq","chunk_label":"unnamed-chunk-1"},{"row":30,"row_count":1,"visible":true,"expansion_state":0,"options":{"engine":"r","message":false,"error":false,"include":false,"label":"unnamed-chunk-11"},"document_id":"C8B594CE","chunk_id":"cymvmb6qohax5","chunk_label":"unnamed-chunk-2"},{"row":41,"row_count":1,"visible":true,"expansion_state":0,"options":{"engine":"r","message":false,"error":false,"label":"unnamed-chunk-12"},"document_id":"C8B594CE","chunk_id":"c11onrmp69mkr","chunk_label":"unnamed-chunk-3"},{"row":67,"row_count":1,"visible":true,"expansion_state":0,"options":{"engine":"r","message":false,"error":false,"label":"unnamed-chunk-23"},"document_id":"C8B594CE","chunk_id":"cf9ynnpvz2iv5","chunk_label":"unnamed-chunk-4"}],"doc_write_time":1682115250,"working_dir":null,"default_chunk_options":{"echo":true}}