{"chunk_definitions":[{"row":11,"row_count":1,"visible":true,"expansion_state":0,"options":{"engine":"r","label":"setup","include":false},"document_id":"C8B594CE","chunk_id":"csetup_chunk","chunk_label":"setup"},{"row":25,"row_count":1,"visible":true,"expansion_state":0,"options":{"engine":"r","include":false,"message":false,"warning":false,"label":"unnamed-chunk-105"},"document_id":"C8B594CE","chunk_id":"cs6sbbi8g6chq","chunk_label":"unnamed-chunk-1"},{"row":31,"row_count":1,"visible":true,"expansion_state":0,"options":{"engine":"r","message":false,"error":false,"include":false,"label":"unnamed-chunk-68"},"document_id":"C8B594CE","chunk_id":"cymvmb6qohax5","chunk_label":"unnamed-chunk-2"},{"row":139,"row_count":1,"visible":true,"expansion_state":0,"options":{"engine":"r","message":false,"error":false,"label":"unnamed-chunk-114"},"document_id":"C8B594CE","chunk_id":"c7w6bdau8syty","chunk_label":"unnamed-chunk-10"},{"row":153,"row_count":1,"visible":true,"expansion_state":0,"options":{"engine":"r","message":false,"error":false,"label":"unnamed-chunk-115"},"document_id":"C8B594CE","chunk_id":"c4g89dc5e8sye","chunk_label":"unnamed-chunk-11"},{"row":178,"row_count":1,"visible":true,"expansion_state":0,"options":{"engine":"r","message":false,"error":false,"label":"unnamed-chunk-116"},"document_id":"C8B594CE","chunk_id":"cq2pxboimxuje","chunk_label":"unnamed-chunk-12"},{"row":207,"row_count":1,"visible":true,"expansion_state":0,"options":{"engine":"r","message":false,"error":false,"label":"unnamed-chunk-106"},"document_id":"C8B594CE","chunk_id":"cm85ouxjn3z23","chunk_label":"unnamed-chunk-14"},{"row":222,"row_count":1,"visible":true,"expansion_state":0,"options":{"engine":"r","message":false,"error":false,"label":"unnamed-chunk-107"},"document_id":"C8B594CE","chunk_id":"ctq4g5vgidauf","chunk_label":"unnamed-chunk-15"}],"doc_write_time":1682194820,"working_dir":null,"default_chunk_options":{"echo":true},"chunk_rendered_width":700}