"0","# Pre-process tidytext dataframe"
"0",""
"0","# custom list of undesirable words"
"0","undesirable_words <- c(""knightdale"", ""smithfield"", ""poole"", ""wendell"",""county"", ""add"", ""please"", ""already"", ""wake"", ""county"", ""would"", ""rd"", ""project"", ""development"", ""also"", ""need"", ""increase"", ""marks"", ""near"", ""area"", ""additional"", ""much"", ""high"", ""mark"", ""mark's"",""myra"", ""requirement"", ""voice"", ""current"", ""goal"", ""apartment"")"
"0",""
"0","bigrams_separated$word1 <- gsub(""[^a-zA-Z]"","""", bigrams_separated$word1) # only use alpha characters"
"0","bigrams_separated$word2 <- gsub(""[^a-zA-Z]"","""", bigrams_separated$word2) # only use alpha characters"
"0","bigrams_separated$word1 <- gsub(""\\s+"","""", bigrams_separated$word1) # get rid of whitespace"
"0","bigrams_separated$word2 <- gsub(""\\s+"","""", bigrams_separated$word2) # get rid of whitespace"
"0",""
"0","bigrams_filtered <- bigrams_separated %>%"
"0","  # remove undesirable_words"
"0","  filter(!word1 %in% undesirable_words) %>%"
"0","  filter(!word2 %in% undesirable_words) %>%"
"0","  # remove stop_words"
"0","  filter(!word1 %in% stop_words$word) %>%"
"0","  filter(!word2 %in% stop_words$word)"
"0",""
"0","# view the data (number of rows/variables, number of columns/observations)"
"0","dim (bigrams_filtered) "
"1","[1]"
"1"," 927"
"1","   7"
"1","
"
